winner_id,signal,obs_sharpe,boot_mean_sharpe,boot_ci_lower,boot_ci_upper,p_value_sharpe_gt_0,significant_5pct
W1,hmm_2state_prob_stress,1.1720228669141697,1.183561680700708,0.487769513495186,1.8819509891708437,0.0002,True
W2,composite_zscore_vts,1.170047997392833,1.1764167708316704,0.49914588978267976,1.8729081483248933,0.0003,True
W3,hmm_2state_prob_stress,1.1586591409358757,1.1600197962467222,0.4668546281268719,1.861870486238635,0.0002,True
W4,hy_ig_zscore_252d,1.1174117672680144,1.1203770472333803,0.42958472736819403,1.8178158361204095,0.0012,True
W5,hy_ig_zscore_252d,1.1155090349341117,1.1163213600425907,0.4343763587286511,1.8026217850564206,0.0005,True
