,to_state_0,to_state_1
from_state_0,0.9815478328349764,0.018452167165023722
from_state_1,0.011328735933786608,0.9886712640662134
