,to_state_0,to_state_1,to_state_2
from_state_0,0.9641314132042443,0.019312439754004526,0.016556147041751176
from_state_1,0.01793319408633635,0.9820667998552146,6.058448994795637e-09
from_state_2,0.029887644555221457,1.8197428762047683e-24,0.9701123554447785
