alpha_log_spy,alpha_hy_ig_spread,beta_log_spy,beta_hy_ig_spread
-9.101138225822686e-06,-0.0008217987015455851,0.9999999999999999,2.520489949362553
